observation_id,source_id,native_record_id,entity_name,entity_type,event_type,title,effective_date,portfolio_snapshot_date,location,stage,amount_band,description,record_url,source_value,source_value_type,portfolio_record_sha256
OBS-MACRO-01-9feec64b76e1,SRC-MACRO-01,AU:NY.GDP.MKTP.CD:2020,Australia,country,economic.indicator.observed,GDP (current US$) - 2020,2020-12-31,2026-08-29,Australia,historical_observation,not_applicable,Official indicator observation for Australia; indicator code NY.GDP.MKTP.CD.,https://api.worldbank.org/v2/country/AU/indicator/NY.GDP.MKTP.CD?date=2020&format=json,1333336461648.09,NY.GDP.MKTP.CD,73d264b135de350e0df8592e4bdf2eccdf224c1e5724b02e696e022fc32b6865
OBS-MACRO-01-682b42c73650,SRC-MACRO-01,BR:NY.GDP.MKTP.CD:2020,Brazil,country,economic.indicator.observed,GDP (current US$) - 2020,2020-12-31,2026-08-29,Brazil,historical_observation,not_applicable,Official indicator observation for Brazil; indicator code NY.GDP.MKTP.CD.,https://api.worldbank.org/v2/country/BR/indicator/NY.GDP.MKTP.CD?date=2020&format=json,1476107292151.95,NY.GDP.MKTP.CD,1d69bda6df18d778b250a82eae0ce4bb6a53a62cb61a803a4589086b47546559
OBS-MACRO-01-c6b0fe0e9bf0,SRC-MACRO-01,CA:NY.GDP.MKTP.CD:2020,Canada,country,economic.indicator.observed,GDP (current US$) - 2020,2020-12-31,2026-08-29,Canada,historical_observation,not_applicable,Official indicator observation for Canada; indicator code NY.GDP.MKTP.CD.,https://api.worldbank.org/v2/country/CA/indicator/NY.GDP.MKTP.CD?date=2020&format=json,1655684730000.19,NY.GDP.MKTP.CD,3c9561a2728ecd283ca3efcef4012e555da7fe0e859f039712d7d3aca4ba583d
OBS-MACRO-01-a985715906cb,SRC-MACRO-01,CN:NY.GDP.MKTP.CD:2020,China,country,economic.indicator.observed,GDP (current US$) - 2020,2020-12-31,2026-08-29,China,historical_observation,not_applicable,Official indicator observation for China; indicator code NY.GDP.MKTP.CD.,https://api.worldbank.org/v2/country/CN/indicator/NY.GDP.MKTP.CD?date=2020&format=json,14996414166715.1,NY.GDP.MKTP.CD,a506a8feac127c29d2ef19475f0ddf01984275b1ad45710ef85d11aa7e6ce255
OBS-MACRO-01-5af88ae238a8,SRC-MACRO-01,DE:NY.GDP.MKTP.CD:2020,Germany,country,economic.indicator.observed,GDP (current US$) - 2020,2020-12-31,2026-08-29,Germany,historical_observation,not_applicable,Official indicator observation for Germany; indicator code NY.GDP.MKTP.CD.,https://api.worldbank.org/v2/country/DE/indicator/NY.GDP.MKTP.CD?date=2020&format=json,3941398957073.94,NY.GDP.MKTP.CD,bd61c80c626f9153e797640233d0cf9c0e49d5b0baa285195759db36dd700534
OBS-MACRO-01-dfb6061250e4,SRC-MACRO-01,GB:NY.GDP.MKTP.CD:2020,United Kingdom,country,economic.indicator.observed,GDP (current US$) - 2020,2020-12-31,2026-08-29,United Kingdom,historical_observation,not_applicable,Official indicator observation for United Kingdom; indicator code NY.GDP.MKTP.CD.,https://api.worldbank.org/v2/country/GB/indicator/NY.GDP.MKTP.CD?date=2020&format=json,2724001478304.59,NY.GDP.MKTP.CD,c2858a8282d8d2cb02f4bc2ecb5ca7ceb18ba1acfb029d9da826b55621df8eff
OBS-MACRO-01-6e2fbff2446a,SRC-MACRO-01,IN:NY.GDP.MKTP.CD:2020,India,country,economic.indicator.observed,GDP (current US$) - 2020,2020-12-31,2026-08-29,India,historical_observation,not_applicable,Official indicator observation for India; indicator code NY.GDP.MKTP.CD.,https://api.worldbank.org/v2/country/IN/indicator/NY.GDP.MKTP.CD?date=2020&format=json,2674851578587.27,NY.GDP.MKTP.CD,58c030d825c61af612b49c5e373cc5f2c6ec222dce7bfbf4f3aa9463ed8af1b5
OBS-MACRO-01-6be51b99b54f,SRC-MACRO-01,JP:NY.GDP.MKTP.CD:2020,Japan,country,economic.indicator.observed,GDP (current US$) - 2020,2020-12-31,2026-08-29,Japan,historical_observation,not_applicable,Official indicator observation for Japan; indicator code NY.GDP.MKTP.CD.,https://api.worldbank.org/v2/country/JP/indicator/NY.GDP.MKTP.CD?date=2020&format=json,5054068005376.28,NY.GDP.MKTP.CD,fa4b76b8e2150315eef3878316a3c97e9482f50d8751469b8d88616bd432eeae
OBS-MACRO-01-3d3ffad177e2,SRC-MACRO-01,KR:NY.GDP.MKTP.CD:2020,"Korea, Rep.",country,economic.indicator.observed,GDP (current US$) - 2020,2020-12-31,2026-08-29,"Korea, Rep.",historical_observation,not_applicable,"Official indicator observation for Korea, Rep.; indicator code NY.GDP.MKTP.CD.",https://api.worldbank.org/v2/country/KR/indicator/NY.GDP.MKTP.CD?date=2020&format=json,1744070276373.34,NY.GDP.MKTP.CD,26ef95b703bcf563924e6ddba17cc9b51cacac355274b6cd4082277d3cd7197b
OBS-MACRO-01-4d1c135bfd82,SRC-MACRO-01,MX:NY.GDP.MKTP.CD:2020,Mexico,country,economic.indicator.observed,GDP (current US$) - 2020,2020-12-31,2026-08-29,Mexico,historical_observation,not_applicable,Official indicator observation for Mexico; indicator code NY.GDP.MKTP.CD.,https://api.worldbank.org/v2/country/MX/indicator/NY.GDP.MKTP.CD?date=2020&format=json,1121064767308.42,NY.GDP.MKTP.CD,ca8a1bc898cf53bce4a13abf4ff46bbe6fc2b95c2f39d306698bd9ccd98da4d1
OBS-MACRO-01-4ff36f4b95f9,SRC-MACRO-01,US:NY.GDP.MKTP.CD:2020,United States,country,economic.indicator.observed,GDP (current US$) - 2020,2020-12-31,2026-08-29,United States,historical_observation,not_applicable,Official indicator observation for United States; indicator code NY.GDP.MKTP.CD.,https://api.worldbank.org/v2/country/US/indicator/NY.GDP.MKTP.CD?date=2020&format=json,21060473613000,NY.GDP.MKTP.CD,283963fe2963480a7c94985577e49421e26d8f85d3f4c990477f2008a7242e2e
OBS-MACRO-01-507fc77e548a,SRC-MACRO-01,ZA:NY.GDP.MKTP.CD:2020,South Africa,country,economic.indicator.observed,GDP (current US$) - 2020,2020-12-31,2026-08-29,South Africa,historical_observation,not_applicable,Official indicator observation for South Africa; indicator code NY.GDP.MKTP.CD.,https://api.worldbank.org/v2/country/ZA/indicator/NY.GDP.MKTP.CD?date=2020&format=json,337974655408.055,NY.GDP.MKTP.CD,0b3f17adb542b838077b8ac46a43daa40d2071e91c059ed485bf803781e6034f
OBS-MACRO-01-481653a433fe,SRC-MACRO-01,AU:NY.GDP.MKTP.CD:2021,Australia,country,economic.indicator.observed,GDP (current US$) - 2021,2021-12-31,2026-08-29,Australia,historical_observation,not_applicable,Official indicator observation for Australia; indicator code NY.GDP.MKTP.CD.,https://api.worldbank.org/v2/country/AU/indicator/NY.GDP.MKTP.CD?date=2021&format=json,1560617493202.69,NY.GDP.MKTP.CD,a6b12dadd781087617a17a2f9f196a51d47e664febe11da5e91e1982bd5af677
OBS-MACRO-01-950bb4e05126,SRC-MACRO-01,BR:NY.GDP.MKTP.CD:2021,Brazil,country,economic.indicator.observed,GDP (current US$) - 2021,2021-12-31,2026-08-29,Brazil,historical_observation,not_applicable,Official indicator observation for Brazil; indicator code NY.GDP.MKTP.CD.,https://api.worldbank.org/v2/country/BR/indicator/NY.GDP.MKTP.CD?date=2021&format=json,1670647464062.96,NY.GDP.MKTP.CD,5eca97b4ecee6772e48b5c8e1179738aa702b029124a6d1ff6f1f63db5df1084
OBS-MACRO-01-288a364d7f5c,SRC-MACRO-01,CA:NY.GDP.MKTP.CD:2021,Canada,country,economic.indicator.observed,GDP (current US$) - 2021,2021-12-31,2026-08-29,Canada,historical_observation,not_applicable,Official indicator observation for Canada; indicator code NY.GDP.MKTP.CD.,https://api.worldbank.org/v2/country/CA/indicator/NY.GDP.MKTP.CD?date=2021&format=json,2022378748423.23,NY.GDP.MKTP.CD,ebd53c9eda5a4e34579971647b4c5c7c68780e1b369050bfb4af2f69ca80c4eb
OBS-MACRO-01-3276c3c23e61,SRC-MACRO-01,CN:NY.GDP.MKTP.CD:2021,China,country,economic.indicator.observed,GDP (current US$) - 2021,2021-12-31,2026-08-29,China,historical_observation,not_applicable,Official indicator observation for China; indicator code NY.GDP.MKTP.CD.,https://api.worldbank.org/v2/country/CN/indicator/NY.GDP.MKTP.CD?date=2021&format=json,18201698719564,NY.GDP.MKTP.CD,a52d5764a1ddc952442ee11233fa715a77b921548c8b48a47e649e2b8d2a567b
OBS-MACRO-01-723fc6aa7366,SRC-MACRO-01,DE:NY.GDP.MKTP.CD:2021,Germany,country,economic.indicator.observed,GDP (current US$) - 2021,2021-12-31,2026-08-29,Germany,historical_observation,not_applicable,Official indicator observation for Germany; indicator code NY.GDP.MKTP.CD.,https://api.worldbank.org/v2/country/DE/indicator/NY.GDP.MKTP.CD?date=2021&format=json,4355251953410.78,NY.GDP.MKTP.CD,6a5c969db5721c69e4ea75be8bc18f66fd8208e89f5351f61c16687b9dc45cc1
OBS-MACRO-01-240509972efc,SRC-MACRO-01,GB:NY.GDP.MKTP.CD:2021,United Kingdom,country,economic.indicator.observed,GDP (current US$) - 2021,2021-12-31,2026-08-29,United Kingdom,historical_observation,not_applicable,Official indicator observation for United Kingdom; indicator code NY.GDP.MKTP.CD.,https://api.worldbank.org/v2/country/GB/indicator/NY.GDP.MKTP.CD?date=2021&format=json,3194559188925.93,NY.GDP.MKTP.CD,09d12f9694cfaa60b30a00a68c4ce74ee5d06a04c2eac6298774ad113aff8aec
OBS-MACRO-01-fa6d0beea343,SRC-MACRO-01,IN:NY.GDP.MKTP.CD:2021,India,country,economic.indicator.observed,GDP (current US$) - 2021,2021-12-31,2026-08-29,India,historical_observation,not_applicable,Official indicator observation for India; indicator code NY.GDP.MKTP.CD.,https://api.worldbank.org/v2/country/IN/indicator/NY.GDP.MKTP.CD?date=2021&format=json,3167270623260.47,NY.GDP.MKTP.CD,75a074a7bfe9c296002214cee5c0d509aa33d99cc33f1614808cf29abf41fa3a
OBS-MACRO-01-a6dbe75959bc,SRC-MACRO-01,JP:NY.GDP.MKTP.CD:2021,Japan,country,economic.indicator.observed,GDP (current US$) - 2021,2021-12-31,2026-08-29,Japan,historical_observation,not_applicable,Official indicator observation for Japan; indicator code NY.GDP.MKTP.CD.,https://api.worldbank.org/v2/country/JP/indicator/NY.GDP.MKTP.CD?date=2021&format=json,5039148168861.22,NY.GDP.MKTP.CD,b112aa171afc47aee3d531ba39bc45bfecd9cd3219cdfbba00abc3372dd86dcb
OBS-MACRO-01-590efdc15b09,SRC-MACRO-01,KR:NY.GDP.MKTP.CD:2021,"Korea, Rep.",country,economic.indicator.observed,GDP (current US$) - 2021,2021-12-31,2026-08-29,"Korea, Rep.",historical_observation,not_applicable,"Official indicator observation for Korea, Rep.; indicator code NY.GDP.MKTP.CD.",https://api.worldbank.org/v2/country/KR/indicator/NY.GDP.MKTP.CD?date=2021&format=json,1942313560965.9,NY.GDP.MKTP.CD,97f1be7c36bcaba9522da6dffe63db20b93882ea24cb5b39e0f5f04429428a20
OBS-MACRO-01-dc372f448c98,SRC-MACRO-01,MX:NY.GDP.MKTP.CD:2021,Mexico,country,economic.indicator.observed,GDP (current US$) - 2021,2021-12-31,2026-08-29,Mexico,historical_observation,not_applicable,Official indicator observation for Mexico; indicator code NY.GDP.MKTP.CD.,https://api.worldbank.org/v2/country/MX/indicator/NY.GDP.MKTP.CD?date=2021&format=json,1316569466685.95,NY.GDP.MKTP.CD,3c2ea9207e92c28012c25b3ea91c4aa6164cf54b7766bc169e1af5bf742804a1
OBS-MACRO-01-3837e985a051,SRC-MACRO-01,US:NY.GDP.MKTP.CD:2021,United States,country,economic.indicator.observed,GDP (current US$) - 2021,2021-12-31,2026-08-29,United States,historical_observation,not_applicable,Official indicator observation for United States; indicator code NY.GDP.MKTP.CD.,https://api.worldbank.org/v2/country/US/indicator/NY.GDP.MKTP.CD?date=2021&format=json,23315080560000,NY.GDP.MKTP.CD,a1ae85346ea7fb142fd4cc0335d23e84cb3061e22e638ed032d4eeeae96e8d13
OBS-MACRO-01-f1bf1ff9c575,SRC-MACRO-01,ZA:NY.GDP.MKTP.CD:2021,South Africa,country,economic.indicator.observed,GDP (current US$) - 2021,2021-12-31,2026-08-29,South Africa,historical_observation,not_applicable,Official indicator observation for South Africa; indicator code NY.GDP.MKTP.CD.,https://api.worldbank.org/v2/country/ZA/indicator/NY.GDP.MKTP.CD?date=2021&format=json,419986284375.368,NY.GDP.MKTP.CD,f07617b9df9184efeaee048b555c40da66e5e6594d97720d9a32816c755ca277
OBS-SPEND-01-12d49508062d,SRC-SPEND-01,HSSCCG11J00163,"GENERAL DYNAMICS INFORMATION TECHNOLOGY, INC.",organization,public_award.completed,Award HSSCCG11J00163 completed,2015-09-25,2026-08-29,United States,completed,100m_to_1b,Department of Homeland Security: SUSTAINMENT PROGRAM APPLICATION SUPPORT - EAGLE TO,https://www.usaspending.gov/award/CONT_AWD_HSSCCG11J00163_7003_HSHQDC06D00021_7001,329952976.21,award_amount_usd,078a06e3de2590c3728e7ed4c3abc30c9d069ee5537ad1f38fb09a12a2fdbe13
OBS-SPEND-01-24db50568994,SRC-SPEND-01,IND15PD01062,BOOZ ALLEN HAMILTON INC,organization,public_award.completed,Award IND15PD01062 completed,2021-05-26,2026-08-29,United States,completed,100m_to_1b,Department of the Interior: IGF::CT::IGF,https://www.usaspending.gov/award/CONT_AWD_IND15PD01062_1406_HHSN316201200008W_7529,244961186.29,award_amount_usd,137a7275d8a7339c8691b14847753c933a7ab3b6a07c7d47e9873ffb420e71fb
OBS-SPEND-01-751828a830a0,SRC-SPEND-01,216TX332N1199,"AGRICULTURE, TEXAS DEPARTMENT OF",organization,public_award.completed,Award 216TX332N1199 completed,2021-09-30,2026-08-29,United States,completed,1b_plus,Department of Agriculture: SCHOOL FOOD PROGRAMS,https://www.usaspending.gov/award/ASST_NON_216TX332N1199_012,2321660718.06,award_amount_usd,bc1c1bfa9706d8915d983539339075ef84b182555941f80f3bfd74b935189a9b
OBS-SPEND-01-a33fe8a9ab0b,SRC-SPEND-01,S010A200005,DEPARTMENT OF EDUCATION CALIFORNIA,organization,public_award.completed,Award S010A200005 completed,2021-09-30,2026-08-29,United States,completed,1b_plus,Department of Education: TITLE I PART A BASIC GRANTS TO LEAS,https://www.usaspending.gov/award/ASST_NON_S010A200005_091,1995323349.22,award_amount_usd,1bcc30a01b7d5248059abfcf782ca2fc2fb7caacb36a66ff651c4a5ddd4713c6
OBS-CYBER-01-4773f68c5a94,SRC-CYBER-01,CVE-2005-1794,CVE-2005-1794,vulnerability,cyber.vulnerability.published,CVE-2005-1794 published,2005-06-01,2026-08-29,Global,published,not_applicable,Historical vulnerability metadata; severity MEDIUM; weakness NVD-CWE-Other.,https://nvd.nist.gov/vuln/detail/CVE-2005-1794,6.4,cvss_base_score,8ea2033f552426a72ed924996beafafc8c3e87f3e0da117dc9626bbf3568916f
OBS-CYBER-01-6290848643e7,SRC-CYBER-01,CVE-2008-4250,CVE-2008-4250,vulnerability,cyber.vulnerability.published,CVE-2008-4250 published,2008-10-23,2026-08-29,Global,published,not_applicable,"Historical vulnerability metadata; severity CRITICAL; weakness CWE-119, CWE-94.",https://nvd.nist.gov/vuln/detail/CVE-2008-4250,9.8,cvss_base_score,89a2ec203b5b22c9b74ae9580a5d24d12c9cae02418ffd0cfd3011c49a1073c3
OBS-CYBER-01-cef359c97e70,SRC-CYBER-01,CVE-2009-1537,CVE-2009-1537,vulnerability,cyber.vulnerability.published,CVE-2009-1537 published,2009-05-29,2026-08-29,Global,published,not_applicable,"Historical vulnerability metadata; severity HIGH; weakness CWE-158, NVD-CWE-noinfo.",https://nvd.nist.gov/vuln/detail/CVE-2009-1537,8.8,cvss_base_score,e74e4a193da84c5ba5426044a338c5cb043a3846f63de4738b8f3ff5ba3b05d2
OBS-CYBER-01-4b377e9359e8,SRC-CYBER-01,CVE-2009-3459,CVE-2009-3459,vulnerability,cyber.vulnerability.published,CVE-2009-3459 published,2009-10-13,2026-08-29,Global,published,not_applicable,"Historical vulnerability metadata; severity HIGH; weakness CWE-119, CWE-122.",https://nvd.nist.gov/vuln/detail/CVE-2009-3459,8.8,cvss_base_score,56cb10a305807b86e57356c437ab1a0b33e405c2ada0103af688fb61d119e3c1
OBS-CYBER-01-28903a70b9fc,SRC-CYBER-01,CVE-2010-0249,CVE-2010-0249,vulnerability,cyber.vulnerability.published,CVE-2010-0249 published,2010-01-15,2026-08-29,Global,published,not_applicable,Historical vulnerability metadata; severity HIGH; weakness CWE-416.,https://nvd.nist.gov/vuln/detail/CVE-2010-0249,8.8,cvss_base_score,c5fcb3051d26c16080eb4a42e5a85e1bdf2c16c335c07fa3c7850b04ff8939c0
OBS-CYBER-01-9a7047220272,SRC-CYBER-01,CVE-2010-0806,CVE-2010-0806,vulnerability,cyber.vulnerability.published,CVE-2010-0806 published,2010-03-10,2026-08-29,Global,published,not_applicable,"Historical vulnerability metadata; severity HIGH; weakness CWE-399, CWE-416.",https://nvd.nist.gov/vuln/detail/CVE-2010-0806,8.8,cvss_base_score,e6cfa4c6f1c1234e2c9594f195577aad2229cb44bb8ffef534dccaf7a90d4cdd
OBS-CYBER-01-dbf47d1a83e5,SRC-CYBER-01,CVE-2012-0814,CVE-2012-0814,vulnerability,cyber.vulnerability.published,CVE-2012-0814 published,2012-01-27,2026-08-29,Global,published,not_applicable,Historical vulnerability metadata; severity LOW; weakness CWE-255.,https://nvd.nist.gov/vuln/detail/CVE-2012-0814,3.5,cvss_base_score,c8611fb17afbaa068e3832784f5089e62abd99b9be092ed7f3c6a99059747718
OBS-CYBER-01-83d2c7934cc6,SRC-CYBER-01,CVE-2012-6435,CVE-2012-6435,vulnerability,cyber.vulnerability.published,CVE-2012-6435 published,2013-01-24,2026-08-29,Global,published,not_applicable,"Historical vulnerability metadata; severity HIGH; weakness CWE-284, CWE-399.",https://nvd.nist.gov/vuln/detail/CVE-2012-6435,7.5,cvss_base_score,113faba9617d0c72c9ef2dfd88c7f1a6f26c175a3009f4a1847de0e880344f8f
OBS-CYBER-01-b4b40765916c,SRC-CYBER-01,CVE-2012-6436,CVE-2012-6436,vulnerability,cyber.vulnerability.published,CVE-2012-6436 published,2013-01-24,2026-08-29,Global,published,not_applicable,Historical vulnerability metadata; severity HIGH; weakness CWE-119.,https://nvd.nist.gov/vuln/detail/CVE-2012-6436,7.5,cvss_base_score,e07bbf821082fb3a9e06e9b2ab2689069a098eb594388a1d6ab040b6c9fc0428
OBS-CYBER-01-7bc906e28e84,SRC-CYBER-01,CVE-2012-6437,CVE-2012-6437,vulnerability,cyber.vulnerability.published,CVE-2012-6437 published,2013-01-24,2026-08-29,Global,published,not_applicable,Historical vulnerability metadata; severity CRITICAL; weakness CWE-287.,https://nvd.nist.gov/vuln/detail/CVE-2012-6437,9.8,cvss_base_score,134f1c9b2993a2fab9f90b6e834c20d282adddff1aba87ac0669d054a6ab6ebf
OBS-CYBER-01-94a032f9888a,SRC-CYBER-01,CVE-2012-6438,CVE-2012-6438,vulnerability,cyber.vulnerability.published,CVE-2012-6438 published,2013-01-24,2026-08-29,Global,published,not_applicable,Historical vulnerability metadata; severity HIGH; weakness CWE-119.,https://nvd.nist.gov/vuln/detail/CVE-2012-6438,7.5,cvss_base_score,0f4e52bbdd5fb972184d95cdf1c7dc0b9b7f8e80cd9c14fe162ccd6ad2cf2809
OBS-CYBER-01-8dc2f47c058c,SRC-CYBER-01,CVE-2012-6440,CVE-2012-6440,vulnerability,cyber.vulnerability.published,CVE-2012-6440 published,2013-01-24,2026-08-29,Global,published,not_applicable,Historical vulnerability metadata; severity MEDIUM; weakness CWE-287.,https://nvd.nist.gov/vuln/detail/CVE-2012-6440,4.8,cvss_base_score,646c5b8c729ed082a2677dcdc653e4da1f12b6a4b7cef9982477f4246ffd8854
OBS-CYBER-01-bd7f23ac1e2f,SRC-CYBER-01,CVE-2012-6442,CVE-2012-6442,vulnerability,cyber.vulnerability.published,CVE-2012-6442 published,2013-01-24,2026-08-29,Global,published,not_applicable,"Historical vulnerability metadata; severity HIGH; weakness CWE-119, CWE-284.",https://nvd.nist.gov/vuln/detail/CVE-2012-6442,7.5,cvss_base_score,9c45e3ede2e6856542e55eb73769ca4171894434b61bd867720f36a94af91ded
OBS-CYBER-01-fedb6d967ec0,SRC-CYBER-01,CVE-2013-2566,CVE-2013-2566,vulnerability,cyber.vulnerability.published,CVE-2013-2566 published,2013-03-15,2026-08-29,Global,published,not_applicable,Historical vulnerability metadata; severity MEDIUM; weakness CWE-326.,https://nvd.nist.gov/vuln/detail/CVE-2013-2566,5.9,cvss_base_score,eb03f82e21bbb81b09f5bb5220c38184aeb8a99620bf47456a02e1c6cacbcf48
OBS-CYBER-01-f1e41d52e692,SRC-CYBER-01,CVE-2013-1609,CVE-2013-1609,vulnerability,cyber.vulnerability.published,CVE-2013-1609 published,2013-03-26,2026-08-29,Global,published,not_applicable,Historical vulnerability metadata; severity MEDIUM; weakness NVD-CWE-Other.,https://nvd.nist.gov/vuln/detail/CVE-2013-1609,6.8,cvss_base_score,1cc8c3812875579f129fc3058dab4e3fdc49b2929385c3529f608dffee5988ff
OBS-CYBER-01-b093752b0789,SRC-CYBER-01,CVE-2015-3246,CVE-2015-3246,vulnerability,cyber.vulnerability.published,CVE-2015-3246 published,2015-08-11,2026-08-29,Global,published,not_applicable,"Historical vulnerability metadata; severity MEDIUM; weakness CWE-264, CWE-367.",https://nvd.nist.gov/vuln/detail/CVE-2015-3246,5.1,cvss_base_score,54f7bb47a5acb6b53d7689373d4ba396ce180d5733ce75fb56df89ed15bd208b
OBS-CYBER-01-d3588b929016,SRC-CYBER-01,CVE-2015-6490,CVE-2015-6490,vulnerability,cyber.vulnerability.published,CVE-2015-6490 published,2015-10-28,2026-08-29,Global,published,not_applicable,"Historical vulnerability metadata; severity CRITICAL; weakness CWE-119, CWE-121.",https://nvd.nist.gov/vuln/detail/CVE-2015-6490,9.8,cvss_base_score,2a5a571ea4307d86fa76848406099da0edd3d5f94cd172abb28dfefe6b37288d
OBS-CYBER-01-aba469e644a9,SRC-CYBER-01,CVE-2015-6492,CVE-2015-6492,vulnerability,cyber.vulnerability.published,CVE-2015-6492 published,2015-10-28,2026-08-29,Global,published,not_applicable,Historical vulnerability metadata; severity HIGH; weakness CWE-119.,https://nvd.nist.gov/vuln/detail/CVE-2015-6492,7.5,cvss_base_score,e53cb6a2c50f4282e4c13576080784e3989b81cf044cf4f7573aa00498df0285
OBS-CYBER-01-77757889b8da,SRC-CYBER-01,CVE-2015-5287,CVE-2015-5287,vulnerability,cyber.vulnerability.published,CVE-2015-5287 published,2015-12-07,2026-08-29,Global,published,not_applicable,Historical vulnerability metadata; severity HIGH; weakness CWE-59.,https://nvd.nist.gov/vuln/detail/CVE-2015-5287,7.8,cvss_base_score,8b69914ba211fc135694586339da5702810226566a1180844caa2c602c399a8f
OBS-CYBER-01-e3150b1b1dbc,SRC-CYBER-01,CVE-2016-2279,CVE-2016-2279,vulnerability,cyber.vulnerability.published,CVE-2016-2279 published,2016-03-02,2026-08-29,Global,published,not_applicable,Historical vulnerability metadata; severity MEDIUM; weakness CWE-79.,https://nvd.nist.gov/vuln/detail/CVE-2016-2279,6.1,cvss_base_score,66a3c83943eea98400889c58f4c89254f66bbf1b90970370969eb93e41c8be78
OBS-CYBER-01-3f12946f668d,SRC-CYBER-01,CVE-2015-8553,CVE-2015-8553,vulnerability,cyber.vulnerability.published,CVE-2015-8553 published,2016-04-13,2026-08-29,Global,published,not_applicable,Historical vulnerability metadata; severity MEDIUM; weakness CWE-200.,https://nvd.nist.gov/vuln/detail/CVE-2015-8553,6.5,cvss_base_score,97ffe761317391363ccae6d4c91918611a595aee3ba5d660cdbef0ba2d497283
OBS-CYBER-01-aaa3f6ccd417,SRC-CYBER-01,CVE-2015-8325,CVE-2015-8325,vulnerability,cyber.vulnerability.published,CVE-2015-8325 published,2016-05-01,2026-08-29,Global,published,not_applicable,Historical vulnerability metadata; severity HIGH; weakness CWE-264.,https://nvd.nist.gov/vuln/detail/CVE-2015-8325,7.8,cvss_base_score,46f926927f52d90e8c4b36911cbdba40dd09e44ef2d6bee0470be645a5b40677
OBS-CYBER-01-e1c0201c8123,SRC-CYBER-01,CVE-2016-5645,CVE-2016-5645,vulnerability,cyber.vulnerability.published,CVE-2016-5645 published,2016-08-24,2026-08-29,Global,published,not_applicable,"Historical vulnerability metadata; severity HIGH; weakness CWE-284, CWE-798.",https://nvd.nist.gov/vuln/detail/CVE-2016-5645,7.3,cvss_base_score,e99b0b6af7898bf375011c5a08b115af93be0422e5bbc705079b923e138151b6
OBS-CYBER-01-40e242125dcd,SRC-CYBER-01,CVE-2005-4900,CVE-2005-4900,vulnerability,cyber.vulnerability.published,CVE-2005-4900 published,2016-10-14,2026-08-29,Global,published,not_applicable,Historical vulnerability metadata; severity MEDIUM; weakness CWE-326.,https://nvd.nist.gov/vuln/detail/CVE-2005-4900,5.9,cvss_base_score,24d822386f38543dfb5cebe0fc1268ac163510c21d52bee421f92baca5b7a395
OBS-CYBER-01-28a9e4e1f270,SRC-CYBER-01,CVE-2017-7898,CVE-2017-7898,vulnerability,cyber.vulnerability.published,CVE-2017-7898 published,2017-06-30,2026-08-29,Global,published,not_applicable,Historical vulnerability metadata; severity CRITICAL; weakness CWE-307.,https://nvd.nist.gov/vuln/detail/CVE-2017-7898,9.8,cvss_base_score,5e496085810e05656faab8fb68986821b075152bef777b921710ef0ecadb5375
OBS-CYBER-01-cb6e7c59114b,SRC-CYBER-01,CVE-2017-7903,CVE-2017-7903,vulnerability,cyber.vulnerability.published,CVE-2017-7903 published,2017-06-30,2026-08-29,Global,published,not_applicable,"Historical vulnerability metadata; severity CRITICAL; weakness CWE-326, CWE-521.",https://nvd.nist.gov/vuln/detail/CVE-2017-7903,9.8,cvss_base_score,7f7d21a7158db4f5bfab8497fdd8d7a04b3a8ad790206ba7990603665e38d301
OBS-CYBER-01-60593da686a9,SRC-CYBER-01,CVE-2015-1862,CVE-2015-1862,vulnerability,cyber.vulnerability.published,CVE-2015-1862 published,2018-02-09,2026-08-29,Global,published,not_applicable,Historical vulnerability metadata; severity HIGH; weakness CWE-362.,https://nvd.nist.gov/vuln/detail/CVE-2015-1862,7.0,cvss_base_score,1ec96da0e3b583b405c44b13c95fa4a00bd4b5951a9d20638ece882ddedb77ec
OBS-CYBER-01-be97056ce393,SRC-CYBER-01,CVE-2018-1273,CVE-2018-1273,vulnerability,cyber.vulnerability.published,CVE-2018-1273 published,2018-04-11,2026-08-29,Global,published,not_applicable,"Historical vulnerability metadata; severity CRITICAL; weakness CWE-94, NVD-CWE-Other.",https://nvd.nist.gov/vuln/detail/CVE-2018-1273,9.8,cvss_base_score,711db5e6a9cd8f863f6d34e0f99a5701e89ec3f49ca7376794f6c189f418f99d
OBS-CYBER-01-441ddadcc697,SRC-CYBER-01,CVE-2018-6439,CVE-2018-6439,vulnerability,cyber.vulnerability.published,CVE-2018-6439 published,2018-12-03,2026-08-29,Global,published,not_applicable,Historical vulnerability metadata; severity HIGH; weakness NVD-CWE-noinfo.,https://nvd.nist.gov/vuln/detail/CVE-2018-6439,7.8,cvss_base_score,422e2c79d0f8494f4b73dc6a4032137ff94e525fb3079ae3e3f169361ddad433
OBS-CYBER-01-aa2a5edaffc7,SRC-CYBER-01,CVE-2018-17924,CVE-2018-17924,vulnerability,cyber.vulnerability.published,CVE-2018-17924 published,2018-12-07,2026-08-29,Global,published,not_applicable,Historical vulnerability metadata; severity HIGH; weakness CWE-306.,https://nvd.nist.gov/vuln/detail/CVE-2018-17924,8.6,cvss_base_score,905720e135fab714817747b2fe6480c3bf8da0748f768a43f3de244f827a807b
OBS-CYBER-01-0d224e60ff6b,SRC-CYBER-01,CVE-2019-6575,CVE-2019-6575,vulnerability,cyber.vulnerability.published,CVE-2019-6575 published,2019-04-17,2026-08-29,Global,published,not_applicable,"Historical vulnerability metadata; severity HIGH; weakness CWE-248, CWE-755.",https://nvd.nist.gov/vuln/detail/CVE-2019-6575,7.5,cvss_base_score,95b37791440a7cc63749a71a0735d5c68a295c30e84626843780d92f11853704
OBS-CYBER-01-932707c66d0f,SRC-CYBER-01,CVE-2019-10955,CVE-2019-10955,vulnerability,cyber.vulnerability.published,CVE-2019-10955 published,2019-04-25,2026-08-29,Global,published,not_applicable,Historical vulnerability metadata; severity MEDIUM; weakness CWE-601.,https://nvd.nist.gov/vuln/detail/CVE-2019-10955,6.1,cvss_base_score,6623b556d389f41dde12d31c326237662d62521da488ae6e10e528b0b65ce293
OBS-CYBER-01-6252717f9eee,SRC-CYBER-01,CVE-2019-1068,CVE-2019-1068,vulnerability,cyber.vulnerability.published,CVE-2019-1068 published,2019-07-15,2026-08-29,Global,published,not_applicable,"Historical vulnerability metadata; severity HIGH; weakness CWE-20, NVD-CWE-noinfo.",https://nvd.nist.gov/vuln/detail/CVE-2019-1068,8.8,cvss_base_score,d85fad2d06200f691361c1812bb6598004cb1288839fdbf5171355d174801d4c
OBS-CYBER-01-9eb6a52b51bc,SRC-CYBER-01,CVE-2011-4088,CVE-2011-4088,vulnerability,cyber.vulnerability.published,CVE-2011-4088 published,2020-01-31,2026-08-29,Global,published,not_applicable,Historical vulnerability metadata; severity HIGH; weakness CWE-200.,https://nvd.nist.gov/vuln/detail/CVE-2011-4088,7.5,cvss_base_score,2b373ce8f804456d07229010c8f16ccf5a8c5f8e820c899473e1d0ae6d3a0fde
OBS-CYBER-01-532dec84a08d,SRC-CYBER-01,CVE-2020-6984,CVE-2020-6984,vulnerability,cyber.vulnerability.published,CVE-2020-6984 published,2020-03-16,2026-08-29,Global,published,not_applicable,Historical vulnerability metadata; severity HIGH; weakness CWE-327.,https://nvd.nist.gov/vuln/detail/CVE-2020-6984,7.5,cvss_base_score,14c02f26c735086efd03e3e3610188fb0d708511100c9aaeb0d107c3f46171df
OBS-CYBER-01-2921ffad297a,SRC-CYBER-01,CVE-2020-6988,CVE-2020-6988,vulnerability,cyber.vulnerability.published,CVE-2020-6988 published,2020-03-16,2026-08-29,Global,published,not_applicable,"Historical vulnerability metadata; severity HIGH; weakness CWE-287, CWE-603.",https://nvd.nist.gov/vuln/detail/CVE-2020-6988,7.5,cvss_base_score,a3e296306b0a6ca45de9b27c6f4e0a151732320b79bf27144860dd29de8200d9
OBS-CYBER-01-1301696fc577,SRC-CYBER-01,CVE-2020-6990,CVE-2020-6990,vulnerability,cyber.vulnerability.published,CVE-2020-6990 published,2020-03-16,2026-08-29,Global,published,not_applicable,"Historical vulnerability metadata; severity CRITICAL; weakness CWE-321, CWE-798.",https://nvd.nist.gov/vuln/detail/CVE-2020-6990,9.8,cvss_base_score,dd4a2d3c0678e6a9de2a763d4239d228a6f1c076ad151a502dc71662cdcd89db
OBS-CYBER-01-99f5c3bedfba,SRC-CYBER-01,CVE-2021-22659,CVE-2021-22659,vulnerability,cyber.vulnerability.published,CVE-2021-22659 published,2021-03-25,2026-08-29,Global,published,not_applicable,Historical vulnerability metadata; severity HIGH; weakness CWE-120.,https://nvd.nist.gov/vuln/detail/CVE-2021-22659,8.6,cvss_base_score,21c4ba7e6287facec61c0201577395c28ae32b517c095edc1b6e9ba3acd07d6d
OBS-CYBER-01-c82f830b115d,SRC-CYBER-01,CVE-2021-21735,CVE-2021-21735,vulnerability,cyber.vulnerability.published,CVE-2021-21735 published,2021-06-10,2026-08-29,Global,published,not_applicable,Historical vulnerability metadata; severity MEDIUM; weakness CWE-281.,https://nvd.nist.gov/vuln/detail/CVE-2021-21735,6.5,cvss_base_score,1ff22ada2a28a317fcc0d94e634868b1ab7b1f8d1fb14aea830abd93ce8ec168
OBS-CYBER-01-56cb7682f394,SRC-CYBER-01,CVE-2021-28691,CVE-2021-28691,vulnerability,cyber.vulnerability.published,CVE-2021-28691 published,2021-06-29,2026-08-29,Global,published,not_applicable,Historical vulnerability metadata; severity HIGH; weakness CWE-416.,https://nvd.nist.gov/vuln/detail/CVE-2021-28691,7.8,cvss_base_score,cf47ff81ac44272523b69e14cadd7c2f54623f701cf2e050153dfa7a70b0954f
OBS-CYBER-01-43f4f6db85d5,SRC-CYBER-01,CVE-2021-33012,CVE-2021-33012,vulnerability,cyber.vulnerability.published,CVE-2021-33012 published,2021-07-09,2026-08-29,Global,published,not_applicable,"Historical vulnerability metadata; severity HIGH; weakness CWE-20, NVD-CWE-noinfo.",https://nvd.nist.gov/vuln/detail/CVE-2021-33012,8.6,cvss_base_score,d0270db09b943f275856bce920f6b21b9a6bfa3532559048edfde83895c076aa
OBS-CYBER-01-149f6550c061,SRC-CYBER-01,CVE-2021-23758,CVE-2021-23758,vulnerability,cyber.vulnerability.published,CVE-2021-23758 published,2021-12-03,2026-08-29,Global,published,not_applicable,Historical vulnerability metadata; severity HIGH; weakness CWE-502.,https://nvd.nist.gov/vuln/detail/CVE-2021-23758,8.1,cvss_base_score,ab2bc5c2dccf9baef30ae9290ccf536968a0256810165a8d7ad1433af503632d
OBS-CYBER-01-77757889b8da-repeat-02,SRC-CYBER-01,CVE-2015-5287,CVE-2015-5287,vulnerability,cyber.vulnerability.published,CVE-2015-5287 published,2015-12-07,2026-08-29,Global,published,not_applicable,Historical vulnerability metadata; severity HIGH; weakness CWE-59. Repeated collection observation retained in the intake fixture to demonstrate exact source-key deduplication.,https://nvd.nist.gov/vuln/detail/CVE-2015-5287,7.8,cvss_base_score,8b69914ba211fc135694586339da5702810226566a1180844caa2c602c399a8f
